system,user,true_label,student_id,subject,question_id,variant,prompt,response,model
"You are a helpful AI tutor specializing in middle school math. Based on a student's history and subject knowledge, predict what they might answer next and explain your reasoning clearly and supportively.","
Student ID: 57211
Subject: nan

Here is a sequence of math questions this student attempted and whether they answered them correctly:


They are now attempting a new question:
Question ID: 22720

Based on this student's past performance and the current subject, what is the most likely answer they will give?
Explain your reasoning as a tutor who understands their misconceptions and learning style.
",1,57211,,22720,A,"
Student ID: 57211
Subject: nan

Here is a sequence of math questions this student attempted and whether they answered them correctly:


They are now attempting a new question:
Question ID: 22720

Based on this student's past performance and the current subject, what is the most likely answer they will give?
Explain your reasoning as a tutor who understands their misconceptions and learning style.
","Thank you for providing the student ID and context! However, I need more details about the student's past performance, the specific subject or topic they are working on, and the current question they are attempting (Question ID: 11090). Without this information, I can't predict their likely answer or provide tailored guidance.

If you could share:

1. The subject or topic (e.g., fractions, algebra, geometry, etc.).
2. Examples of past questions they answered correctly or incorrectly.
3. The current question they are working on.

I’ll be able to analyze their learning style, identify potential misconceptions, and provide a helpful hint to guide them.",gpt-4o
"You are a helpful AI tutor specializing in middle school math. Based on a student's history and subject knowledge, predict what they might answer next and explain your reasoning clearly and supportively.","
Student ID: 57211
Subject: nan

Here is a sequence of math questions this student attempted and whether they answered them correctly:


They are now attempting a new question:
Question ID: 22720

Based on this student's past performance and the current subject, what is the most likely answer they will give?
Explain your reasoning as a tutor who understands their misconceptions and learning style.
",1,57211,,22720,B,"
Student ID: 57211
Subject: nan

Here is a sequence of math questions this student attempted and whether they answered them correctly:


They are now attempting a new question:
Question ID: 22720

Based on this student's past performance and the current subject, what is the most likely answer they will give?
Explain your reasoning as a tutor who understands their misconceptions and learning style.
","Thank you for sharing the student's information! However, I need more details to make an informed prediction about their likely answer. Specifically, I would need:

1. **The student's past performance**: What kinds of questions they answered correctly or incorrectly, and any patterns in their misconceptions.
2. **The current question**: What is the subject matter of Question ID: 11090? For example, is it about fractions, decimals, geometry, or algebra?

If you can provide these details, I can analyze their learning style, identify any recurring errors, and predict their likely answer. I can also offer a supportive explanation to help them understand the concept better!",gpt-4o
"You are a helpful AI tutor specializing in middle school math. Based on a student's history and subject knowledge, predict what they might answer next and explain your reasoning clearly and supportively.","
Student ID: 55528
Subject: nan

Here is a sequence of math questions this student attempted and whether they answered them correctly:


They are now attempting a new question:
Question ID: 11090

Based on this student's past performance and the current subject, what is the most likely answer they will give?
Explain your reasoning as a tutor who understands their misconceptions and learning style.
",0,55528,,11090,A,"
Student ID: 55528
Subject: nan

Here is a sequence of math questions this student attempted and whether they answered them correctly:


They are now attempting a new question:
Question ID: 11090

Based on this student's past performance and the current subject, what is the most likely answer they will give?
Explain your reasoning as a tutor who understands their misconceptions and learning style.
","Thank you for providing the student's ID and question details. However, I need more information about the student's past performance, the subject matter, and the specific question they're attempting (Question ID: 22720). Without knowing the content of the question or the student's history with similar problems, I can't accurately predict their next answer or provide tailored reasoning.

If you could share the student's past responses (correct or incorrect), the type of math problems they've been working on, and the current question, I can analyze patterns in their learning style and misconceptions to offer helpful guidance.",gpt-4o
"You are a helpful AI tutor specializing in middle school math. Based on a student's history and subject knowledge, predict what they might answer next and explain your reasoning clearly and supportively.","
Student ID: 55528
Subject: nan

Here is a sequence of math questions this student attempted and whether they answered them correctly:


They are now attempting a new question:
Question ID: 11090

Based on this student's past performance and the current subject, what is the most likely answer they will give?
Explain your reasoning as a tutor who understands their misconceptions and learning style.
",0,55528,,11090,B,"
Student ID: 55528
Subject: nan

Here is a sequence of math questions this student attempted and whether they answered them correctly:


They are now attempting a new question:
Question ID: 11090

Based on this student's past performance and the current subject, what is the most likely answer they will give?
Explain your reasoning as a tutor who understands their misconceptions and learning style.
","Thank you for providing the student's ID and question information. However, to predict their likely answer and provide reasoning, I would need more details about the student's past performance, the specific subject area (e.g., fractions, algebra, geometry), and the question they are currently attempting. Without this information, I can't make an accurate prediction.

If you can share the question they are working on and some examples of their previous answers (correct or incorrect), I can analyze their learning patterns, identify misconceptions, and provide a helpful hint tailored to their needs.",gpt-4o
"You are a helpful AI tutor specializing in middle school math. Based on a student's history and subject knowledge, predict what they might answer next and explain your reasoning clearly and supportively.","
Student ID: 57211
Subject: nan

Here is a sequence of math questions this student attempted and whether they answered them correctly:
QID: 22720 → Correct

They are now attempting a new question:
Question ID: 13143

Based on this student's past performance and the current subject, what is the most likely answer they will give?
Explain your reasoning as a tutor who understands their misconceptions and learning style.
",1,57211,,13143,A,"
Student ID: 57211
Subject: nan

Here is a sequence of math questions this student attempted and whether they answered them correctly:
QID: 22720 → Correct

They are now attempting a new question:
Question ID: 13143

Based on this student's past performance and the current subject, what is the most likely answer they will give?
Explain your reasoning as a tutor who understands their misconceptions and learning style.
","Thank you for sharing the student's history and question details! However, I currently don't have access to the specific sequence of questions or the student's performance data. If you can provide more information about the student's past answers, their misconceptions, or the type of math question they're working on now, I can make a thoughtful prediction and explain my reasoning.

For example:
- If the student struggles with fractions, they might misapply rules like adding numerators and denominators directly.
- If they often rush through problems, they might overlook key details in word problems.

Feel free to share more, and I'll guide you with care and clarity!",gpt-4o
"You are a helpful AI tutor specializing in middle school math. Based on a student's history and subject knowledge, predict what they might answer next and explain your reasoning clearly and supportively.","
Student ID: 57211
Subject: nan

Here is a sequence of math questions this student attempted and whether they answered them correctly:
QID: 22720 → Correct

They are now attempting a new question:
Question ID: 13143

Based on this student's past performance and the current subject, what is the most likely answer they will give?
Explain your reasoning as a tutor who understands their misconceptions and learning style.
",1,57211,,13143,B,"
Student ID: 57211
Subject: nan

Here is a sequence of math questions this student attempted and whether they answered them correctly:
QID: 22720 → Correct

They are now attempting a new question:
Question ID: 13143

Based on this student's past performance and the current subject, what is the most likely answer they will give?
Explain your reasoning as a tutor who understands their misconceptions and learning style.
","Thank you for providing the student's ID and question context! However, I currently don’t have enough details about the student's past performance or the specific question they are working on (Question ID: 13503). To make a helpful prediction about their answer and offer meaningful guidance, I would need more information, such as:

1. **The subject or topic** of the question (e.g., fractions, algebra, geometry).
2. **The student's history** with similar types of problems (e.g., do they struggle with multiplication, forget to simplify, or misinterpret word problems?).
3. **The actual question** they are attempting.

If you can provide more details, I’ll gladly analyze their likely response, explain any misconceptions they might have, and offer a supportive hint to help them succeed.",gpt-4o
"You are a helpful AI tutor specializing in middle school math. Based on a student's history and subject knowledge, predict what they might answer next and explain your reasoning clearly and supportively.","
Student ID: 99429
Subject: nan

Here is a sequence of math questions this student attempted and whether they answered them correctly:


They are now attempting a new question:
Question ID: 13503

Based on this student's past performance and the current subject, what is the most likely answer they will give?
Explain your reasoning as a tutor who understands their misconceptions and learning style.
",1,99429,,13503,A,"
Student ID: 99429
Subject: nan

Here is a sequence of math questions this student attempted and whether they answered them correctly:


They are now attempting a new question:
Question ID: 13503

Based on this student's past performance and the current subject, what is the most likely answer they will give?
Explain your reasoning as a tutor who understands their misconceptions and learning style.
","Thank you for sharing the student's information! While the details about the subject or the specific question aren't provided, I can make an educated guess based on the limited data available.

### Reasoning:
1. **Past Performance**: The student answered the previous question (QID: 22720) correctly. This suggests they have some level of understanding of the topic they are working on. However, with only one question attempted, we don't have enough data to confidently predict their overall mastery or tendencies.

2. **Learning Style and Misconceptions**: Since I don't have details about the subject or the student's common misconceptions, I'll assume they are working on a middle school math topic. Students at this level often make errors due to rushing, misunderstanding the question, or applying a rule incorrectly. If the current question builds on the previous one, the student might be more likely to answer correctly, especially if they are confident in the topic.

3. **Prediction**: Based on their correct answer to the previous question, I predict the student will likely answer **correctly** again, assuming the question is similar in difficulty and concept. However, if the new question introduces a twist or requires deeper reasoning, they might struggle and answer incorrectly.

### Supportive Explanation:
If the student answers incorrectly, it could be due to:
- Misinterpreting the question.
- Forgetting to apply a key rule or step.
- Overconfidence leading to a rushed answer.

As their tutor, I would encourage them to:
1. **Slow Down**: Carefully read the question and underline key details.
2. **Check Their Work**: After solving, review their steps to ensure they followed the correct process.
3. **Ask Questions**: If they’re unsure about a concept, remind them it’s okay to ask for clarification.

If you can share the specific question or subject, I’d be happy to provide more tailored guidance!",gpt-4o
"You are a helpful AI tutor specializing in middle school math. Based on a student's history and subject knowledge, predict what they might answer next and explain your reasoning clearly and supportively.","
Student ID: 99429
Subject: nan

Here is a sequence of math questions this student attempted and whether they answered them correctly:


They are now attempting a new question:
Question ID: 13503

Based on this student's past performance and the current subject, what is the most likely answer they will give?
Explain your reasoning as a tutor who understands their misconceptions and learning style.
",1,99429,,13503,B,"
Student ID: 99429
Subject: nan

Here is a sequence of math questions this student attempted and whether they answered them correctly:


They are now attempting a new question:
Question ID: 13503

Based on this student's past performance and the current subject, what is the most likely answer they will give?
Explain your reasoning as a tutor who understands their misconceptions and learning style.
","Thank you for providing the student's history. Based on the information provided, the student has answered two previous questions correctly, which suggests they have a good understanding of the concepts they've encountered so far. However, without knowing the specific subject or type of question they are currently attempting (e.g., algebra, geometry, fractions), I can only make a general prediction about their performance.

### Prediction:
The student is likely to answer **correctly** for Question ID: 19804.

### Reasoning:
1. **Pattern of Success:** The student has demonstrated consistent success in their previous attempts, indicating they are either confident in the material or have developed effective problem-solving strategies.
   
2. **Learning Style:** Since the student has answered correctly twice, they may approach questions methodically and with attention to detail, reducing the likelihood of careless mistakes.

3. **Misconceptions:** While I don't have specific details about their misconceptions, students who answer correctly often have a solid grasp of foundational concepts. If the new question builds on these foundations, they are likely to succeed.

### Supportive Guidance:
To ensure continued success, I would encourage the student to:
- Double-check their work for accuracy.
- Break the problem into smaller steps if it feels overwhelming.
- Use any strategies or methods they’ve found helpful in previous questions.

If the student encounters difficulty, I would remind them that making mistakes is part of learning, and we can work together to identify and address any gaps in understanding.",gpt-4o
"You are a helpful AI tutor specializing in middle school math. Based on a student's history and subject knowledge, predict what they might answer next and explain your reasoning clearly and supportively.","
Student ID: 57211
Subject: nan

Here is a sequence of math questions this student attempted and whether they answered them correctly:
QID: 22720 → Correct
QID: 13143 → Correct

They are now attempting a new question:
Question ID: 19804

Based on this student's past performance and the current subject, what is the most likely answer they will give?
Explain your reasoning as a tutor who understands their misconceptions and learning style.
",1,57211,,19804,A,"
Student ID: 57211
Subject: nan

Here is a sequence of math questions this student attempted and whether they answered them correctly:
QID: 22720 → Correct
QID: 13143 → Correct

They are now attempting a new question:
Question ID: 19804

Based on this student's past performance and the current subject, what is the most likely answer they will give?
Explain your reasoning as a tutor who understands their misconceptions and learning style.
","Thank you for sharing the student's history and current question attempt. While the information provided is limited, I'll do my best to predict their likely answer and offer guidance.

### Prediction:
Since the student answered the previous question (QID: 22720) correctly, they may have a solid understanding of the concept tested in that question. However, without knowing the specific content of QID: 22720 or QID: 13143, I can't definitively predict their answer. Based on their correct response earlier, they might approach this new question with confidence and are likely to attempt a logical answer.

If the current question involves a new concept or builds on the previous one, the student might make a common mistake tied to misunderstanding a key detail or rushing through the problem. For example, middle school students often struggle with multi-step problems or interpreting word problems correctly.

### Reasoning:
Students who answer one question correctly often demonstrate partial mastery of the concept. However, if the new question introduces a twist or requires deeper reasoning, they might fall into common traps such as:
- Misapplying a rule or formula.
- Skipping steps in multi-step problems.
- Misinterpreting the question's wording.

Given their learning style, I would encourage them to slow down, double-check their work, and ensure they understand the question fully before answering.

### Hint for Better Understanding:
Here’s a general hint that applies to many middle school math problems:
- **Break the problem into smaller steps.** If the question involves multiple operations (e.g., addition and multiplication), solve one part at a time.
- **Look for keywords.** If it's a word problem, underline important numbers and phrases that tell you what operation to use.
- **Double-check your work.** After solving, ask yourself: ""Does my answer make sense?""

If you can share more details about the current question (QID: 13143), I can provide a more specific prediction and tailored hint!",gpt-4o
"You are a helpful AI tutor specializing in middle school math. Based on a student's history and subject knowledge, predict what they might answer next and explain your reasoning clearly and supportively.","
Student ID: 57211
Subject: nan

Here is a sequence of math questions this student attempted and whether they answered them correctly:
QID: 22720 → Correct
QID: 13143 → Correct

They are now attempting a new question:
Question ID: 19804

Based on this student's past performance and the current subject, what is the most likely answer they will give?
Explain your reasoning as a tutor who understands their misconceptions and learning style.
",1,57211,,19804,B,"
Student ID: 57211
Subject: nan

Here is a sequence of math questions this student attempted and whether they answered them correctly:
QID: 22720 → Correct
QID: 13143 → Correct

They are now attempting a new question:
Question ID: 19804

Based on this student's past performance and the current subject, what is the most likely answer they will give?
Explain your reasoning as a tutor who understands their misconceptions and learning style.
","Thank you for sharing the student's history! Based on their performance, they have answered two previous questions correctly, which suggests they have a solid understanding of the concepts being tested. However, without knowing the specific content of Question ID: 19804, I can only make a general prediction based on their pattern of success.

### Prediction:
The student is likely to answer **correctly** again, as their track record shows consistent accuracy. However, it's important to consider that even strong students can occasionally make mistakes due to minor misconceptions or overconfidence.

### Reasoning:
Students who consistently answer correctly often demonstrate good foundational understanding and problem-solving skills. However, they might still encounter challenges if the current question introduces a new concept or requires applying knowledge in a slightly different way. Common pitfalls for middle school students include rushing through problems, misinterpreting the question, or making calculation errors.

### Hint for Better Understanding:
If the question involves solving an equation, working with fractions, or interpreting a word problem, remind the student to:
1. **Read the question carefully** to ensure they understand what is being asked.
2. **Check their work step-by-step** to avoid small errors.
3. **Use estimation** to verify if their answer makes sense.

For example, if the question involves fractions, you could say:
*""Remember to simplify your fractions and double-check that you’re multiplying or dividing correctly. If you’re stuck, try drawing a picture or using a number line to visualize the problem.""*

If you can share the specific content of Question ID: 19804, I can provide a more tailored prediction and hint!",gpt-4o
